SHAZAM TERMS AND CONDITIONS
General
Usage Policy
Copyright
User Generated Content
Availability of Services
Legal Protection and Limitations
Privacy Policy
Cookie Policy
Additional Terms
GENERAL
Effective June 29, 2015

LICENCE TERMS AND CONDITIONS - APPLICABLE WORLDWIDE EXCEPT WHERE WE PUBLISH SPECIFIC TERRITORIAL TERMS AND CONDITIONS

These terms and conditions (“Terms”) set out important information regarding the rights, obligations and restrictions that may apply to you as a “User” when you access our “Website” at https://www.shazam.com and/or access, use or download the Shazam “Application” available on “Devices” such as cell phones, tablets, and personal computers, and any “Services” offered in conjunction with the Application or Website. The Services may include content and media identification and exploration and, in some cases, access to related “Third Party Applications and/or Sites” that can be used in conjunction with the Services (for example, e-commerce providers, social networking sites, sites accessible via QR codes, information and access feature providers). The Services, where not specifically provided otherwise, are supplied by Shazam Entertainment Limited (“we,” us,” and “our” as appropriate). We are a limited company incorporated in England and Wales. Our registered office is at: 26-28 Hammersmith Grove, London W6 7HA United Kingdom (registered number: 3998831). You can also contact us by phone: +44 (0) 208 742 6820 and email support@shazam.com. VAT number: 766118223.

These Terms may be accessed via the Application directly from your Device or on our Website at https://www.shazam.com/terms. Any translations of these Terms are provided as a courtesy to you and the definitive text of these Terms is the English (UK) version.

<use2>By using our Services, you (1) represent you are over the age of 13; and (2) agree to be bound by these Terms and any applicable laws regarding your use of Shazam.</use2> You must also pay any charges for the Services which may be applicable. DO NOT USE THE SERVICES IF THESE TERMS ARE UNACCEPTABLE TO YOU.

Please note:

1. In the event that you are or become a paying customer of any part of the Application and/ or Services or any other product part of the Shazam offering, we will provide to you relevant information regarding price, delivery procedure and cancellation options on a case–by-case basis, before completing the payment for your purchase. Any purchase will be effective upon the processing of your payment.

2. Once you start using Shazam, you hereby agree to waive any right to a limited period in which you could revoke your purchase or claim a refund upon cancellation of your purchase (also known as a cooling off period) (if any) available to you under any applicable e-commerce regulations or consumer protection laws. In the event a waiver of these rights is prohibited under the law, this cooling off period shall be limited to seven (7) days or (if shorter) the minimum period permitted by law.

3. Each time you attempt to interact with Shazam, such as when you tag a music track for example, you will send data for which your network operator will charge at your usual data rates.

4. Unless otherwise specifically provided by us, our licence to you under these Terms is personal to you and allows you to access and use the Application and the Services only on the Device on which the software was first installed. The licence is not transferrable to another person or another Device without our agreement, which will only be given in exceptional circumstances, or if otherwise expressly provided in these Terms.

back to top ↑
USAGE POLICY
You agree to use the Services for non-commercial use and, above all, fairly. The Services are not to be used for commercial or performance monitoring purposes. Shazam reserves the right to limit your identification attempts in any month, or cease to provide our Service to you without further notice.

<ch2><ter3>We may change, suspend or discontinue any aspect of Shazam at any time, including the availability of any feature, database and/ or content.</ter3></ch2> <ch2><ltd2>We may also impose limits on certain features and services or restrict your access to parts or all of the Services without liability.</ltd2></ch2> <ter3>Where these changes or suspensions would amount to a complete termination of the Services you may be entitled to a refund of the reasonable part of any charges paid by you.</ter3>

Continued use of the Application and/ or Services may require a download of new releases of software with different functionality and that may have different licence terms.

Usage of lyrics supplied to you by us, either through our Website or our Applications, is limited to your personal, non-commercial use in accordance with the following restrictions. You may not reproduce (other than as authorized for your own personal usage), publish, transmit, distribute, publicly display, rent or lend, modify, create derivative works from, sell or participate in the sale of or exploit in any way, in whole or in part, directly or indirectly, any of the lyrics provided to you. You agree that you are not granted any so-called “karaoke” or “sing-along” rights to lyrics and you shall not seek to or remove any vocal track from a sound recording that shall be associated with a lyric provided to you. You agree not to assign, transfer, or transmit any lyrics to a third party. You agree that you shall not seek to or do anything that will defeat, evade or circumvent any efforts that may be made to protect the lyrics from any unauthorized usage.

back to top ↑
COPYRIGHT
We respect the intellectual property of others, and we ask our Users to do the same. If you believe that your work has been copied or used in a way that constitutes copyright infringement, or your intellectual property rights have been otherwise violated, please provide our copyright agent with the following information (“Notice”): (i) an electronic or physical signature of the person authorized to act on behalf of the owner of the copyright or other intellectual property interest; (ii) a description of the copyrighted work or other intellectual property that you claim has been infringed; (iii) a description of where the material that you claim is infringing is located; (iv) your address, telephone number, and email address; (v) a statement by you that you have a good faith belief that the disputed use is not authorized by the copyright owner, its agent, or the law; and (vi) a statement by you, made under penalty of perjury, that the above information in your Notice is accurate and that you are the copyright or intellectual property owner or authorized to act on the copyright or intellectual property owner’s behalf. Any Notice of claims of copyright or other intellectual property infringement must be sent to us at:

Attn: Copyright Agent
Shazam Entertainment Limited
26-28 Hammersmith Grove
London W6 7HA
phone: +44 (0) 208 742 6820
email: copyright@shazam.com

Please note that this procedure is exclusively for notifying us and our affiliates that (a) your copyrighted material has been infringed; (b) you have noticed any defamatory content published via Shazam; or (c) your personal privacy or that of your family has been violated in a manner that contravenes applicable local laws.

back to top ↑
USER GENERATED CONTENT
Please choose carefully the words, information, content, messages, text, files, images, photos, sounds, profiles, works of authorship or any other materials you post, upload, link to, publish or display on our Website and/ or through the use of Services and any such content that you provide or make available to other Users through the Website (collectively, “User Content”). You are responsible for all User Content, as set forth below.

You retain ownership of User Content. By sharing User Content via Shazam (and any Third Party Application and/or Sites), you grant to us during the entire period of protection of your intellectual property rights associated with such content and material, a world-wide, royalty free, non-exclusive licence to use, copy, modify, publicly perform, publicly display, translate, reproduce, transmit or distribute, or an equivalent right to use, the User Content via Shazam (and any other Third Party Applications and/or Sites). We require such a licence in order to provide certain functionality within Shazam (and any Third Party Applications and/or Sites).

By sharing User Content within Shazam (and any Third Party Application and/or Sites) you warrant that you own all rights in and to the User Content shared by you and that you are not breaching any other party’s rights to privacy, publicity rights, copyrights or contractual rights.

Information or User Content provided by other Users, including artists sharing content or commentary via Shazam, may contain inaccurate, inappropriate or offensive material, products or services, and we assume no responsibility or liability for this material. User Content must not be illegal, obscene, threatening, defamatory, invasive of privacy, infringing of intellectual property rights, violate any confidentiality agreement or other contract or be otherwise injurious to third parties or objectionable and must not consist of or contain software viruses, political campaigning, commercial solicitation, chain letters, mass mailings, or any form of “spam.” You may not use a false email address, impersonate any person or entity, or otherwise mislead as to the origin of any User Content. <cr2>We have the right, but not the obligation, to refuse to post, remove or edit any posting or submission of User Content.</cr2> <ltd2>We do not actively monitor User Content and take no responsibility and assume no liability for any User Content.</ltd2>

By submitting the User Content to us, you grant us and our affiliates the right to use the username that you submit in connection with such User Content. You grant to us a revocable, non-exclusive, worldwide right and licence, or another equivalent right to use, all the trademarks, service marks, trade dress, artwork, names, likenesses and biographical material associated with the User Content, your username, or your account in connection with your use of and our operation of the Services. You are solely responsible for any necessary payments that may become due to any third parties as the result of your posting of or linking to the User Content and our use thereof on our Applications or Website.

The following is a partial list of the kind of User Content that is illegal or prohibited on Shazam. We reserve the right to investigate and take appropriate legal action in our sole discretion against anyone who violates this provision, including without limitation, removing the offending User Content from the Website or Services and terminating the access to Shazam of such violators. Prohibited User Content includes content that: (i) is obscene, offensive, or promotes racism, bigotry, hatred or physical harm of any kind against any group or individual; (ii) harasses or advocates harassment of another person; (iii) involves the transmission of “junk mail,” “chain letters,” or unsolicited mass mailing or “spamming”; (iv) consists of information that you know is false or misleading or promotes illegal activities or conduct that is abusive, threatening, obscene, defamatory or libelous; (v) consists of an illegal or unauthorized copy of a copyrighted work, such as sound recordings, musical compositions and videos in which you do not personally own the copyright or otherwise do not have the necessary authority from the copyright owner(s); (vi) computer programs or links to them or providing information to circumvent manufacturer-installed copy-protect devices, or infringing materials; (vii) contains restricted or password-only access pages or hidden pages or images (those not linked to or from another accessible page); (viii) provides material that exploits people under the age of 18 or solicits personal information from anyone under 18; (ix) provides instructional information about illegal activities; (x) solicits passwords or personal identifying information for commercial or unlawful purposes from other Users; (xi) involves commercial activities and/ or sales without our prior written consent such as contests, sweepstakes, barter, advertising, or pyramid schemes; (xii) violates anyone’s right of privacy; or (xiii) uses any unfair, misleading or deceptive content intended to draw traffic to the profile.

You agree that Shazam is not responsible for, and does not endorse, User Content posted within the Applications or on the Website. Shazam does not have any obligation to prescreen, monitor, edit, or remove any User Content. If your User Content violates these Terms, you may bear legal responsibility for that User Content.

back to top ↑
AVAILABILITY OF SERVICES
We will do our best to offer you a smooth service, but we give no guarantees that Shazam will be fault free or that the Services will be uninterrupted. If a fault does occur, please report it to Customer Services, at support@shazam.com or by using our in-app support options, and we will attempt to correct the fault as soon as we reasonably can.

We will occasionally restrict your access to the Website or to the Services to carry out repairs, maintenance or to introduce new functionality or services and we will endeavour to keep disruption to a minimum.

New Services are subject to a period of testing. This means that a new Service may not perform with complete functionality, may be undergoing testing, may be inconsistently available, may have software “bugs” being fixed by us and may have other issues affecting availability and functionality.

back to top ↑
LEGAL PROTECTION AND LIMITATIONS
You acknowledge that Shazam’s Website and Applications (and any other Third Party Applications and/or Sites) licensed by us to you are our property (or that of the relevant third party). You are granted a limited, revocable, non-exclusive, non-transferable (without the right to sublicense) licence to use Shazam or any Third Party Application and/or Site for the purpose of accessing and using the Services. Except as expressly authorized by us, you may not copy, modify, translate, reproduce, distribute, publish, broadcast, perform, display, sell, assign, lease or sub-license that content, in whole or in part. You agree not to disassemble, de-compile, reverse engineer, or otherwise attempt to gain access to the source code of the Application or Services or any Third Party Application and/or Site. You will not copy any part of Shazam or any Third Party Applications and/or Sites or make commercial use of, rent, lease, loan, sell, publish, license, sublicense, distribute, assign or otherwise transfer any part of Shazam or such Third Party Application and/or Site to any person.

You agree to not use Shazam to: (i) interfere with, manipulate, or take any actions that may undermine the integrity of any rating system used on the Services; (ii) interfere with or disrupt Shazam or servers or networks, or disobey any requirements, procedures, policies or regulations of networks connected to these; (iii) collect or store personal data about other Users of Shazam; or (iv) harass, abuse, or harm another person, or in order to contact, advertise to, solicit, or sell to any other User without their prior explicit consent.

You will not alter, destroy, obscure, or otherwise remove any copyright or proprietary notices or labels on or embedded within any part of Shazam and/or any Third Party Applications and/or Sites.

You agree to not use Shazam or export any portion of it in violation of U.S. export regulations.

You represent and warrant that you are not located in a country that is subject to a U.S. Government embargo or that has been designated by the U.S. Government as a “terrorist supporting” country and you are not listed on any U.S. list of prohibited or restricted parties.

YOUR USE OF SHAZAM IS AT YOUR SOLE RISK. SHAZAM IS PROVIDED ON AN “AS IS” AND “AS AVAILABLE” BASIS. WE EXPRESSLY DISCLAIM ALL REPRESENTATIONS, WARRANTIES AND STATUTORY REMEDIES OF ANY KIND, WHETHER EXPRESS OR IMPLIED, TO THE MAXIMUM EXTENT PERMITTED BY APPLICABLE LAW, INCLUDING, BUT NOT LIMITED TO THE IMPLIED WARRANTIES OF MERCHANTABILITY, FITNESS FOR A PARTICULAR PURPOSE AND NON-INFRINGEMENT. TO THE MAXIMUM EXTENT PERMITTED BY APPLICABLE LAW, WE MAKE NO WARRANTY THAT (i) SHAZAM WILL MEET YOUR REQUIREMENTS; (ii) DELIVERY OF ANY PORTION OF SHAZAM WILL BE UNINTERRUPTED, TIMELY, SECURE, OR ERROR-FREE; (iii) THE RESULTS THAT MAY BE OBTAINED FROM THE USE OF SHAZAM WILL BE ACCURATE OR RELIABLE; (iv) THE QUALITY OF ANY PRODUCTS, SERVICES, INFORMATION, OR OTHER MATERIAL PURCHASED OR OBTAINED BY YOU THROUGH THE SERVICES WILL MEET YOUR EXPECTATIONS; (v) ANY ERRORS IN THE SOFTWARE WILL BE CORRECTED; (vi) ANY PORTION OF SHAZAM OR ANY OTHER APPLICATION PROVIDED BY US WILL BE OF SATISFACTORY QUALITY, FAULT OR VIRUS FREE OR UNINTERRUPTED OR SATISFY ANY CONDITIONS OF QUALITY AND FITNESS FOR PURPOSE. NO ADVICE OR INFORMATION, WHETHER ORAL OR WRITTEN, OBTAINED BY YOU FROM US OR THROUGH OR FROM THE APPLICATION, WEBSITE OR SERVICES SHALL CREATE ANY WARRANTY NOT EXPRESSLY STATED IN THESE TERMS.

<ltd2>Under no circumstances will we or our respective parents, subsidiaries, and affiliates, suppliers and their respective owners, officers, manager, members, agents and employees, be liable to you for loss of profits, business interruptions, loss of business information, loss of business, opportunity or other pecuniary loss, loss of data or any direct, indirect, incidental, consequential, special, exemplary, or punitive damages or losses, whether based in contract, tort or otherwise, arising out of or in connection with use of, or inability to use Shazam (and any other applications) which we license to you, any content delivered to you or Shazam, whether or not we have been advised of the possibility of such damages or loss.</ltd2> <ltd2>In any event, our liability to you shall be limited to typical and foreseeable damage and shall not exceed the fees for a three (3) month period or the maximum amount of fifteen dollars ($15), whichever is higher.</ltd2> <ltd2>Some jurisdictions (countries, provinces, states) absolutely prohibit some limitations on liability, disclaimer of warranties or exclusion of direct or consequential damages. In such cases only, the above disclaimers, limitations or exclusions may not apply to you to their full extent.</ltd2>

You hereby indemnify and hold harmless, and upon our request, defend, (1) us, our affiliates and their respective directors, officers and employees; and (2) providers of Third Party Applications and/or Sites, from and against any and all losses, liabilities, damages, costs or expenses (including reasonable attorneys’ fees and costs) arising out of any claim, action, or proceeding brought by a third party based on a breach of any warranty, representation, covenant or obligation by you under these Terms. You will reimburse us, our affiliates, and providers of Third Party Applications and/or Sites, as applicable, on demand for any actual payments made in resolution of any liability or claim that is subject to indemnification under this Section, provided that we attempt to obtain your written consent prior to making such payments, such consent not to be unreasonably withheld, delayed or conditioned. We shall promptly notify you of any such claim, and you shall assume control of the defence of such claim upon our request. We shall have the right, at your expense, to participate in the defence thereof under your reasonable direction.

<ltd1>Nothing in these Terms shall be construed so as to exclude or limit our liability or that of any third party for death or personal injury as a result of negligence.</ltd1> <ltd2>Nothing in these Terms affects any mandatory statutory rights that you may have as a consumer, except to the extent permitted by law.</ltd2>

We may assign our rights and obligation under these Terms without your prior consent to any new provider of the Shazam Services. If any provision of these Terms is found to be unlawful, void, or for any reason unenforceable, then the provision will be deleted. Any such deletion will not affect the validity and enforceability of any of the other provisions of these Terms.

<ter3>We may at any time terminate your account or prevent you from gaining access to Shazam.</ter3> <ltd2>We will not be liable to you or to any third party for any failure, suspension and/or termination of access to Shazam in any way.</ltd2>

“Shazam” is a registered trademark of Shazam Entertainment Limited. All trademarks, logos, designs and images used in connection with the Application, Website and Services remain the property of Shazam or their respective owners.

If you have any queries regarding us, the Website, Application and/ or Services, please contact us by email at support@shazam.com or via the Help pages at https://www.shazam.com. Alternatively, you can contact us by post at Customer Service, Shazam Entertainment Limited, 26-28 Hammersmith Grove, London, W6 7HA.

<ch2>We may amend these Terms at any time by posting the amended terms on our Website and/ or by amending the Terms as they are accessed from the Application on your Device.</ch2> It is your responsibility to review these Terms from time to time to check if they have been amended. The effective date of each new version of the Terms will be included at the top of the Terms page. <use2>If you continue to use the Application and/ or Services or you download any content or upgrade any of the Services after we have posted any amended terms that will demonstrate that you accept our updated Terms.</use2> <use2>Should you not accept these amendments, you may terminate the Services.</use2>

Unsolicited Ideas and Feedback

We welcome your feedback on what we are currently doing (both positive and negative). If you want to send us your feedback, we ask that you use our contact form. Any feedback you provide to us can be used by us on an unrestricted basis and treated by us as non-confidential.

Please do not tell us anything that contains new or original ideas, in respect of which you might want, now or in future, to claim any form of proprietary rights. If, despite our request that you not send us your ideas, you still send them to us, then regardless of what you say to us, you agree that: (i) your submissions and their contents will automatically become our property, without any compensation to you; (ii) you will not assert against us any rights or ownership and you will not claim any reward (financial or otherwise) in respect of any such submissions; (iii) we may use or redistribute the submissions and their contents for any purpose and in any way; (iv) there is no obligation for us to review any material that you submit to us; and (v) there is no obligation to keep any such material confidential.

Resolving Disputes

<law2>These Terms and the relationship between you and us shall be governed by the laws of England and Wales without regard to its conflict of law provisions.</law2> In the event of a dispute, we want to address your concerns without needing a formal legal case. Before filing a claim against us, you agree to try to resolve the dispute informally by contacting legal@shazam.com. We’ll try to resolve the dispute informally by contacting you via email. If a dispute is not resolved within fifteen (15) business days of submission, you or Shazam may bring a formal proceeding.

Outside of the United States . <j3>You and we agree to submit to the personal and exclusive jurisdiction of the courts of England and Wales.</j3>

In the United States . <a3>You and Shazam agree to resolve any claims relating to these Terms or the Services through final and binding arbitration, except as set forth under Exceptions to Agreement to Arbitrate below.</a3> The American Arbitration Association (AAA) will administer the arbitration under its Commercial Arbitration Rules and the Supplementary Procedures for Consumer Related Disputes. <a3>The arbitration will be held in the United States county where you live or work, New York, NY or any other location we agree to.</a3> The AAA rules will govern payment of all arbitration fees. Shazam will pay all arbitration fees for claims less than $75,000. If you receive an arbitration award that is more favorable than any offer we make to resolve the claim, we will pay you $1,000 in addition to the award. Shazam will not seek its attorneys’ fees and costs in arbitration unless the arbitrator determines that your claim is frivolous. Either you or Shazam may assert claims, if they qualify, in small claims court in New York, NY or any United States county where you live or work. Either party may bring a lawsuit solely for injunctive relief to stop unauthorized use or abuse of the Services, or intellectual property infringement (for example, trademark, trade secret, copyright, or patent rights) without first engaging in arbitration or the informal dispute-resolution process described above. You may only resolve disputes with us on an individual basis, and may not bring a claim as a plaintiff or a class member in a class, consolidated, or representative action. Class arbitrations, class actions, private attorney general actions, and consolidation with other arbitrations are not allowed. <j3>In the event that the agreement to arbitrate is found not to apply to you or your claim, you and Shazam agree that any judicial proceeding (other than small claims actions) will be brought in the federal or state courts of New York County, NY .</j3> <j3>Both you and Shazam consent to venue and personal jurisdiction there.</j3>

back to top ↑
COOKIE POLICY
Shazam Entertainment Limited (“Shazam”, “we”, ”our” or “us”) is committed to being transparent about the technologies it uses. This Cookie Policy explains what cookies are and how and why they may be stored on and accessed from your device when you visit our website, mobile app, official social media sites, or other online properties (together the “sites”). It should be read together with our Privacy Policy and our Terms & Conditions.

By continuing browsing or using this site, you agree that we can store and access to cookies as described in this Cookie Policy.

1. What are cookies?
A cookie is a small text file that is stored on and accessed from your device when you visit one of our sites if you agree. This allows our site to recognize your device from those of other users or visitors of the site. You can find more information at http://www.allaboutcookies.org and http://www.youronlinechoices.eu.

2. How do our sites use cookies
Our sites use the following cookies for the following purposes:

Cookie Type	Purpose
Strictly necessary	These cookies are necessary to allow us to operate the Shazam websites and apps as you have requested. These cookies, for example, let us recognize what type of subscriber you are and then provide you with the services to which you are entitled. They also include cookies that enable to increase the security of our sites or to remember your previous actions within the same browsing session.
Analytical / Performance	These cookies are used by us or our business partners to analyze how the Shazam sites are used and how they are performing. These cookies do not let us identify users (as all user data is aggregated). They are also used to monitor when you link from our app to one of our partner apps so that we can check what levels of traffic we are generating for our partner apps.
Functionality	These cookies let us operate certain functions of the Shazam websites and apps in line with the choices you make. These cookies mean that we can "remember" you in-between visits. For instance, we will recognize your user name and remind you how you customized our services and what music you enjoyed on your last visit.
Targeting / Advertising	These cookies are used by us and our business partners to send you advertisements when using the Shazam websites and apps and to target those advertisements to you and your interests. In doing this our business partners may use the profiles they have developed of other apps and websites that you have previously visited. These cookies may also help us and our business partners regulate the advertisements you receive and measure their effectiveness. If we let our business partners place the cookies for advertising we do not give your name, email address or phone number to those business partners.
3. How do I refuse or withdraw my consent to the use of cookies?
If you do not want cookies to be set on your device, you can adjust the setting of your Internet browser to reject the setting of all or some cookies and to alert you when a cookie is placed on your device. For further information about how to do so, please refer to your browser ‘help’ / ‘tool’ or ‘edit’ section or see http://www.allaboutcookies.org . Please note that if you use your browser settings to block all cookies (including strictly necessary cookies) you may not be able to access or use all or parts or functionalities of this site.

If you want to remove previously-stored cookies, you can manually delete the cookies at any time. However, this will not prevent this site from placing further cookies on your device unless and until you adjust your Internet browser setting as described above.

For more information on the development of user-profiles and the use of targeting/advertising cookies, please see http://www.youronlinechoices.eu if you are located in Europe or http://www.aboutads.info/choices if in the United States.

4. Contact us
If you have any other questions about our cookie handling practices, please contact us at: Privacy Team
Shazam Entertainment Limited
26-28 Hammersmith Grove
London W6 7HA
United Kingdom

Or email us at: privacy@shazam.com

back to top ↑
ADDITIONAL TERMS THAT ARE APPLICABLE TO USERS OF SHAZAM AS OFFERED BY SPECIFIC PARTNERS
Microsoft
In the event that you have acquired the Application via Microsoft Corporation’s application stores, the Windows Store and/or Window Phone Store (“Stores”),

· you acknowledge and agree that we, and not Microsoft, are responsible for any breach or failure to deliver under these Terms, or for addressing and enforcing any claims you or any third party may have in relation to the Application and/ or the Services; and

· you acknowledge and agree that neither Microsoft, nor your network operator or Device manufacturer has any obligation whatsoever to furnish any maintenance and support services with respect to the Application and/ or the Services.

Additionally, notwithstanding any provision to the contrary included in these Terms, when you acquire Shazam via the Stores you will be able to install the Application on up to the following number of devices that are associated with your Microsoft account:

· for the Store on Windows Phone 8.x, up to five (5) Windows Phone devices;

· for the Store on Windows 8.x operating system, up to eighty-one (81) personal Windows 8, Windows RT or successor tablets and personal computers; and

· for the Store on Windows 10, up to ten (10) Windows devices.

Apple
In the event that you are using a Device or Third Party Application provided by Apple, Inc. (“Apple”),

· you acknowledge that these Terms are concluded between you and Shazam, not Apple, and that Apple is not responsible for the Application and content thereof;

· you acknowledge that your license is limited to a non-transferable license to use the Application on any Apple branded products that you own or control and as permitted by the Usage Rules set forth in the App Store Terms of Service, except that the Application may be accessed, acquired, and used by other accounts associated with the purchaser via Family Sharing or volume purchasing;

· you agree that Apple and Apple’s subsidiaries are third party beneficiaries of these Terms, and that, upon your acceptance of these Terms, Apple will have the right to (and will be deemed to have accepted the right) to enforce these Terms against you as the third party beneficiary thereof;

· you acknowledge and agree that Apple is not responsible for addressing any claims you or any third party may have in relation to the Application and/ or the Services including, but not limited to: (i) product liability claims; (ii) any claim that the Application fails to conform to any applicable legal or regulatory requirement; and (iii) claims arising under consumer protection or similar legislation ;

· you acknowledge and agree that, in the event of any third party claim that the Application or your possession and use of the Application infringes that third party’s intellectual property rights, Apple is not responsible for the investigation, defense, settlement and discharge of any such intellectual property infringement claim;

· you acknowledge and agree that Apple has no obligation whatsoever to furnish any maintenance and support services with respect to the Application and/ or the Services; and

· in the event of any failure of the Application and/ or the Services to conform to any applicable warranty, you agree to notify Apple of such failure. Upon notification Apple will refund the purchase price for the Application and/ or Services (if any) to you.

Copyright © 2018 Shazam Entertainment Limited. All rights reserved.
