
https://www.youneedabudget.com/terms/

Acceptance of the Terms of Service

Welcome to the website of You Need A Budget LLC (“Company”, “we” or “us”). The following terms and conditions, together with any documents they expressly incorporate by reference (collectively, these “Terms of Service”), govern your access to and use of the budgeting software available through our apps, software, and the website YouNeedABudget.com, any associated content, including receipt of educational materials and communications to manage your subscription, functionality and services (the “Website”), whether as a guest or a registered user.

Please read the Terms of Service carefully before you start to use the Website. <use2><pinc2>By using the Website or by clicking to accept or agree to the Terms of Service when this option is made available to you, you accept and agree to be bound and abide by these Terms of Service and our Privacy Policy, incorporated herein by reference.</pinc2></use2> If you do not want to agree to these Terms of Service or the Privacy Policy, you must not access or use the Website.

This Website is offered and available to users who are 13 years of age or older (16 years of age and older in the European Union). By using this Website, you represent and warrant that you are of legal age to form a binding contract with the Company and meet all of the foregoing eligibility requirements. If you do not meet all of these requirements, you must not access or use the Website. Registering on behalf of another who does not meet this age requirement is itself a violation of these Terms.
Changes to the Terms of Service

<ch2>We may revise and update these Terms of Service from time to time in our sole discretion.</ch2> All changes are effective immediately when we post them, and apply to all access to and use of the Website thereafter. However, any changes to the dispute resolution provisions set forth in Governing Law and Jurisdiction will not apply to any disputes for which the parties have actual notice prior to the date the change is posted on the Website.

<use2>Your continued use of the Website following the posting of revised Terms of Service means that you accept and agree to the changes.</use2> <ch2>You are expected to check this page from time to time so you are aware of any changes, as they are binding on you.</ch2>

Accessing the Website and Account Security

<ch2><ter3>We reserve the right to withdraw or amend this Website, and any service or material we provide on the Website, in our sole discretion without notice.</ter3></ch2> <ltd2>We will not be liable if for any reason all or any part of the Website is unavailable at any time or for any period.</ltd2>

To access the Website or some of the resources it offers, you may be asked to provide certain registration details or other information. It is a condition of your use of the Website that all the information you provide on the Website is correct, current and complete. You agree that all information you provide to register with this Website or otherwise, including but not limited to through the use of any interactive features on the Website, is governed by our Privacy Policy, and you consent to all actions we take with respect to your information consistent with our Privacy Policy.

If you choose, or are provided with, a username, password or any other piece of information as part of our security procedures, you must treat such information as confidential, and will disclose that confidential information solely at your own risk and discretion. <ltd2>Should you, at your discretion, choose to share your username, password, or other security information with any other person or entity in order to share access, we disclaim all liability for anything that person or entity may do to compromise the security of your account.</ltd2>

You agree to notify us immediately of any unauthorized access to or use of your username or password or any other breach of security. You also agree to ensure that you exit from your account at the end of each session. You should use particular caution when accessing your account from a public or shared computer so that others are not able to view or record your password or other personal information.

<ter2>We have the right to disable any username, password or other identifier, whether chosen by you or provided by us, at any time if, in our opinion, you have violated any provision of these Terms of Service.</ter2>

We are not responsible for the accuracy of financial data obtained from third-party sites that are displayed or reported through the Website or any of our services. <ltd2>The Company, however, is not responsible for and cannot guarantee the accuracy or timeliness of financial account we retrieve on your behalf directly, from third party technology providers, from third party financial institutions where your accounts are held, or from third party research/market data providers used to provide the Services.</ltd2>

The Company may not be able foresee or anticipate technical or other difficulties which may result in failure to obtain data, personalization settings or other service interruptions. <ltd2>The Company assumes no responsibility for the timeliness, accuracy, deletion, non-delivery or failure to store any user data, loss of user data, communications or personalization settings.</ltd2>

Limited Actions of the Company as Your Agent

By accessing and using the Website’s services which aggregate third-party financial account transactions and data, you expressly authorize and direct the Company, on your behalf, to electronically retrieve your account information maintained by third-party financial institutions with which you have a legally binding customer relationship. Subject to our privacy procedures as described in the Privacy Policy, the Company may work with one or more third party financial service technology providers to access and retrieve your Account Information.

FOR PURPOSES OF THIS AGREEMENT AND SOLELY TO OBTAIN AND PROVIDE THE ACCOUNT INFORMATION TO YOU AS PART OF THE SERVICES, YOU GRANT THE COMPANY A LIMITED POWER OF ATTORNEY, AND APPOINT THE COMPANY AS YOUR ATTORNEY-IN-FACT AND AGENT, WITH FULL POWER OF SUBSTITUTION AND RE-SUBSTITUTION, FOR YOU AND IN YOUR NAME, PLACE AND STEAD, IN ANY AND ALL CAPACITIES, TO ACCESS THIRD PARTY SITES, SERVERS OR DOCUMENTS, RETRIEVE INFORMATION AND USE YOUR INFORMATION WITH THE FULL POWER AND AUTHORITY TO DO AND PERFORM EACH AND EVERY ACT AND THING REQUISITE AND NECESSARY TO BE DONE IN CONNECTION WITH SUCH ACTIVITIES, AS FULLY TO ALL INTENTS AND PURPOSES AS YOU COULD DO IN PERSON.

YOU ACKNOWLEDGE AND AGREE THAT WHEN THE COMPANY IS ACCESSING AND RETRIEVING ACCOUNT INFORMATION FROM THIRD PARTY SITES, THE COMPANY IS ACTING AS YOUR AGENT, AND NOT AS THE AGENT OF OR ON BEHALF OF ANY THIRD PARTY. YOU AGREE THAT THIRD PARTY ACCOUNT PROVIDERS SHALL BE ENTITLED TO RELY ON THE FOREGOING AUTHORIZATION, AGENCY AND POWER OF ATTORNEY GRANTED BY YOU. You understand that the Website is not endorsed or sponsored by any third party account providers accessible through the Website.
Intellectual Property Rights

The Website and its entire contents, features and functionality (including but not limited to all information, software, text, displays, images, video and audio, and the design, selection and arrangement thereof), are owned by the Company, its licensors or other providers of such material and are protected by United States and international copyright, trademark, patent, trade secret and other intellectual property or proprietary rights laws.

These Terms of Service permit you to use the Website for your personal, non-commercial use only. You must not reproduce, distribute, modify, create derivative works of, publicly display, publicly perform, republish, download, store or transmit any of the material on our Website.

You must not access or use for any commercial purposes any part of the Website or any services or materials available through the Website.

<ter2>If you print, copy, modify, download or otherwise use or provide any other person with access to any part of the Website in breach of the Terms of Service, your right to use the Website will cease immediately and you must, at our option, return or destroy any copies of the materials you have made.</ter2> No right, title or interest in or to the Website or any content on the Website is transferred to you, and all rights not expressly granted are reserved by the Company. Any use of the Website not expressly permitted by these Terms of Service is a breach of these Terms of Service and may violate copyright, trademark, and other laws.

Trademarks

The Company name, the terms “YNAB”, “You Need A Budget”, “Give Every Dollar a Job”, “Embrace Your True Expenses”, “Roll with the Punches”, “Age Your Money”, the Company logo, and all related names, logos, product and service names, designs and slogans are trademarks of the Company or its affiliates or licensors. You must not use such marks without the prior written permission of the Company. All other names, logos, product and service names, designs and slogans on this Website are the trademarks of their respective owners.

Prohibited Uses

You may use the Website only for lawful purposes and in accordance with these Terms of Service. You agree not to use the Website:

    In any way that violates any applicable federal, state, local or international law or regulation (including, without limitation, any laws regarding the export of data or software to and from the US or other countries).
    For the purpose of exploiting, harming or attempting to exploit or harm minors in any way by exposing them to inappropriate content, asking for personally identifiable information or otherwise.
    To send, knowingly receive, upload, download, use or re-use any material which does not comply with any standards set out in these Terms of Service.
    To transmit, or procure the sending of, any advertising or promotional material, including any “junk mail”, “chain letter” or “spam” or any other similar solicitation.
    To engage in any other conduct that restricts or inhibits anyone’s use or enjoyment of the Website, or which, as determined by us, may harm the Company or users of the Website or expose them to liability.

Additionally, you agree not to:

    Engage in behavior that will put your personal information at unnecessary risk, such as leaving, transmitting, or publishing your Login or passwords;
    Use the Website in any manner that could disable, overburden, damage, or impair the site or interfere with any other party’s use of the Website, including their ability to engage in real time activities through the Website.
    Use any robot, spider or other automatic device, process or means to access the Website for any purpose, including monitoring or copying any of the material on the Website.
    Use any manual process to monitor or copy any of the material on the Website or for any other unauthorized purpose without our prior written consent.
    Use any device, software or routine that interferes with the proper working of the Website.
    Introduce any viruses, trojan horses, worms, logic bombs or other material which is malicious or technologically harmful.
    Attempt to gain unauthorized access to, interfere with, damage or disrupt any parts of the Website, the server on which the Website is stored, or any server, computer or database connected to the Website.
    Otherwise attempt to interfere with the proper working of the Website.

User Contributions

The Website may contain message boards, chat rooms, personal web pages or profiles, forums, bulletin boards and other interactive features (collectively, “Interactive Services”) that allow users to post, submit, publish, display or transmit to other users or other persons (hereinafter, “post”) content or materials (collectively, “User Contributions”) on or through the Website.

All User Contributions must comply with the Content Standards set out in these Terms of Service.

Any User Contribution you post to the site will be considered non-confidential and non-proprietary. By providing any User Contribution on the Website, you grant us and our affiliates and service providers, and each of their and our respective licensees, successors and assigns the right to use, reproduce, modify, perform, display, distribute and otherwise disclose to third parties any such material for any purpose/according to your account settings.

You represent and warrant that:

    You own or control all rights in and to the User Contributions and have the right to grant the license granted above to us and our affiliates and service providers, and each of their and our respective licensees, successors, and assigns.
    All of your User Contributions do and will comply with these Terms of Service.

You understand and acknowledge that you are responsible for any User Contributions you submit or contribute, and you, not the Company, have full responsibility for such content, including its legality, reliability, accuracy and appropriateness.

<<ltd2>WE ARE NOT RESPONSIBLE, OR LIABLE TO ANY THIRD PARTY, FOR THE CONTENT OR ACCURACY OF ANY USER CONTRIBUTIONS POSTED BY YOU OR ANY OTHER USER OF THE WEBSITE.</ltd2>

3rd-Party Applications

Any application, plugin, script, or other program that interacts with YNAB’s API or acts as a plugin to the official application does so at the risk of its users and developers, and must display the following message at least once, and require the user to acknowledge before the application will function:

This [app/plugin/script] is not officially supported by YNAB in any way. Use of this [app/plugin/script] could introduce problems into your budget that YNAB, through its official support channels, will not be able to troubleshoot or fix. Please use at your own risk!

Monitoring and Enforcement; Termination

<cr3>We have the right to:

    Remove or refuse to post any User Contributions for any or no reason in our sole discretion.</cr3>
    Take any action with respect to any User Contribution that we deem necessary or appropriate in our sole discretion, including if we believe that such User Contribution violates the Terms of Service, including the Content Standards, infringes any intellectual property right or other right of any person or entity, threatens the personal safety of users of the Website or the public or could create liability for the Company.
    Disclose your identity or other information about you to any third party who claims that material posted by you violates their rights, including their intellectual property rights or their right to privacy.
    Take appropriate legal action, including without limitation, referral to law enforcement, for any illegal or unauthorized use of the Website.
    <ter3>Terminate or suspend your access to all or part of the Website for any or no reason, including without limitation, any violation of these Terms of Service.</ter3>

Without limiting the foregoing, we have the right to fully cooperate with any law enforcement authorities or court order requesting or directing us to disclose the identity or other information of anyone posting any materials on or through the Website. YOU WAIVE AND HOLD HARMLESS THE COMPANY AND ITS AFFILIATES, LICENSEES AND SERVICE PROVIDERS FROM ANY CLAIMS RESULTING FROM ANY ACTION TAKEN BY THE COMPANY/ANY OF THE FOREGOING PARTIES DURING OR AS A RESULT OF ITS INVESTIGATIONS AND FROM ANY ACTIONS TAKEN AS A CONSEQUENCE OF INVESTIGATIONS BY EITHER THE COMPANY/SUCH PARTIES OR LAW ENFORCEMENT AUTHORITIES.

However, we do not undertake to review all material before it is posted on the Website, and cannot ensure prompt removal of objectionable material after it has been posted. <ltd2>Accordingly, we assume no liability for any action or inaction regarding transmissions, communications or content provided by any user or third party.</ltd2> <ltd2>We have no liability or responsibility to anyone for performance or nonperformance of the activities described in this section.</ltd2>

Content Standards

These content standards apply to any and all User Contributions and use of Interactive Services. User Contributions must in their entirety comply with all applicable federal, state, local and international laws and regulations. Without limiting the foregoing, User Contributions must not:

    Contain any material which is defamatory, obscene, indecent, abusive, offensive, harassing, violent, hateful, inflammatory or otherwise objectionable.
    Promote sexually explicit or pornographic material, violence, or discrimination based on race, sex, religion, nationality, disability, sexual orientation or age.
    Infringe any patent, trademark, trade secret, copyright or other intellectual property or other rights of any other person.
    Violate the legal rights (including the rights of publicity and privacy) of others or contain any material that could give rise to any civil or criminal liability under applicable laws or regulations or that otherwise may be in conflict with these Terms of Service and our Privacy Policy.
    Be likely to deceive any person.
    Promote any illegal activity or advocate, promote or assist any unlawful act.
    Cause annoyance, inconvenience or needless anxiety or be likely to upset, embarrass, alarm or annoy any other person.
    Impersonate any person, or misrepresent your identity or affiliation with any person or organization.
    Involve commercial activities or sales, such as contests, sweepstakes and other sales promotions, barter or advertising.
    Give the impression that they emanate from or are endorsed by us or any other person or entity, if this is not the case.

Reliance on Information Posted

The information presented on or through the Website is made available solely for general information purposes. We do not warrant the accuracy, completeness or usefulness of this information. Any reliance you place on such information is strictly at your own risk. <ltd2>We disclaim all liability and responsibility arising from any reliance placed on such materials by you or any other visitor to the Website, or by anyone who may be informed of any of its contents.</ltd2>

This Website may include content provided by third parties, including materials provided by other users, bloggers and third-party licensors, syndicators, aggregators and/or reporting services. All statements and/or opinions expressed in these materials, and all articles and responses to questions and other content, other than the content provided by the Company, are solely the opinions and the responsibility of the person or entity providing those materials. These materials do not necessarily reflect the opinion of the Company. <ltd2>We are not responsible, or liable to you or any third party, for the content or accuracy of any materials provided by any third parties.</ltd2>
Information About You and Your Visits to the Website

All information we collect on this Website is subject to our Privacy Policy. <pinc2>By using the Website, you consent to all actions taken by us with respect to your information in compliance with the Privacy Policy.</pinc2>

Online Purchases and Other Terms and Conditions

All purchases through our site or other transactions for the sale of services or information formed through the Website or as a result of visits made by you are governed by our Terms of Sale, which are hereby incorporated into these Terms of Service.

Links from the Website

If the Website contains links to other sites and resources provided by third parties, these links are provided for your convenience only. This includes links contained in advertisements, including banner advertisements and sponsored links. <ltd2>We have no control over the contents of those sites or resources, and accept no responsibility for them or for any loss or damage that may arise from your use of them.</ltd2> If you decide to access any of the third-party websites linked to this Website, you do so entirely at your own risk and subject to the terms and conditions of use for such websites.

Disclaimer of Warranties

You understand that we cannot and do not guarantee or warrant that files available for downloading from the internet or the Website will be free of viruses or other destructive code. You are responsible for implementing sufficient procedures and checkpoints to satisfy your particular requirements for anti-virus protection and accuracy of data input and output, and for maintaining a means external to our site for any reconstruction of any lost data. <ltd2>WE WILL NOT BE LIABLE FOR ANY LOSS OR DAMAGE CAUSED BY A DISTRIBUTED DENIAL-OF-SERVICE ATTACK, VIRUSES OR OTHER TECHNOLOGICALLY HARMFUL MATERIAL THAT MAY INFECT YOUR COMPUTER EQUIPMENT, COMPUTER PROGRAMS, DATA OR OTHER PROPRIETARY MATERIAL DUE TO YOUR USE OF THE WEBSITE OR ANY SERVICES OR ITEMS OBTAINED THROUGH THE WEBSITE OR TO YOUR DOWNLOADING OF ANY MATERIAL POSTED ON IT, OR ON ANY WEBSITE LINKED TO IT.</ltd2>

YOUR USE OF THE WEBSITE, ITS CONTENT, AND ANY SERVICES OR ITEMS OBTAINED THROUGH THE WEBSITE IS AT YOUR OWN RISK. THE WEBSITE, ITS CONTENT, AND ANY SERVICES OR ITEMS OBTAINED THROUGH THE WEBSITE ARE PROVIDED ON AN “AS IS” AND “AS AVAILABLE” BASIS, WITHOUT ANY WARRANTIES OF ANY KIND, EITHER EXPRESS OR IMPLIED. NEITHER THE COMPANY NOR ANY PERSON ASSOCIATED WITH THE COMPANY MAKES ANY WARRANTY OR REPRESENTATION WITH RESPECT TO THE COMPLETENESS, SECURITY, RELIABILITY, QUALITY, ACCURACY OR AVAILABILITY OF THE WEBSITE. WITHOUT LIMITING THE FOREGOING, NEITHER THE COMPANY NOR ANYONE ASSOCIATED WITH THE COMPANY REPRESENTS OR WARRANTS THAT THE WEBSITE, ITS CONTENT OR ANY SERVICES OR ITEMS OBTAINED THROUGH THE WEBSITE WILL BE ACCURATE, RELIABLE, ERROR-FREE OR UNINTERRUPTED, THAT DEFECTS WILL BE CORRECTED, THAT OUR SITE OR THE SERVER THAT MAKES IT AVAILABLE ARE FREE OF VIRUSES OR OTHER HARMFUL COMPONENTS OR THAT THE WEBSITE OR ANY SERVICES OR ITEMS OBTAINED THROUGH THE WEBSITE WILL OTHERWISE MEET YOUR NEEDS OR EXPECTATIONS.

THE COMPANY HEREBY DISCLAIMS ALL WARRANTIES OF ANY KIND, WHETHER EXPRESS OR IMPLIED, STATUTORY OR OTHERWISE, INCLUDING BUT NOT LIMITED TO ANY WARRANTIES OF MERCHANTABILITY, NON-INFRINGEMENT AND FITNESS FOR PARTICULAR PURPOSE.

THE FOREGOING DOES NOT AFFECT ANY WARRANTIES WHICH CANNOT BE EXCLUDED OR LIMITED UNDER APPLICABLE LAW.

Limitation on Liability

<ltd2>IN NO EVENT WILL THE COMPANY, ITS AFFILIATES OR THEIR LICENSORS, SERVICE PROVIDERS, EMPLOYEES, AGENTS, OFFICERS OR DIRECTORS BE LIABLE FOR DAMAGES OF ANY KIND, UNDER ANY LEGAL THEORY, ARISING OUT OF OR IN CONNECTION WITH YOUR USE, OR INABILITY TO USE, THE WEBSITE, ANY WEBSITES LINKED TO IT, ANY CONTENT ON THE WEBSITE OR SUCH OTHER WEBSITES OR ANY SERVICES OR ITEMS OBTAINED THROUGH THE WEBSITE OR SUCH OTHER WEBSITES, INCLUDING ANY DIRECT, INDIRECT, SPECIAL, INCIDENTAL, CONSEQUENTIAL OR PUNITIVE DAMAGES, INCLUDING BUT NOT LIMITED TO, PERSONAL INJURY, PAIN AND SUFFERING, EMOTIONAL DISTRESS, LOSS OF REVENUE, LOSS OF PROFITS, LOSS OF BUSINESS OR ANTICIPATED SAVINGS, LOSS OF USE, LOSS OF GOODWILL, LOSS OF DATA, AND WHETHER CAUSED BY TORT (INCLUDING NEGLIGENCE), BREACH OF CONTRACT OR OTHERWISE, EVEN IF FORESEEABLE.</ltd2>

<ltd2>IN NO EVENT WILL THE COLLECTIVE LIABILITY OF THE COMPANY AND ITS SUBSIDIARIES AND AFFILIATES, AND THEIR LICENSORS, SERVICE PROVIDERS, EMPLOYEES, AGENTS, OFFICERS AND DIRECTORS, TO ANY PARTY (REGARDLESS OF THE FORM OF ACTION, WHETHER IN CONTRACT, TORT OR OTHERWISE) EXCEED THE AMOUNT YOU HAVE PAID TO THE COMPANY FOR THE APPLICABLE CONTENT, PRODUCT, OR SERVICE IN THE LAST TWELVE MONTHS OUT OF WHICH LIABILITY AROSE.</ltd2>

<ltd1>THE FOREGOING DOES NOT AFFECT ANY LIABILITY WHICH CANNOT BE EXCLUDED OR LIMITED UNDER APPLICABLE LAW.</ltd1>

Indemnification

You agree to defend, indemnify and hold harmless the Company, its affiliates, licensors and service providers, and its and their respective officers, directors, employees, contractors, agents, licensors, suppliers, successors and assigns from and against any claims, liabilities, damages, judgments, awards, losses, costs, expenses or fees (including reasonable attorneys’ fees) arising out of or relating to your violation of these Terms of Service or your use of the Website, including, but not limited to, your User Contributions, any use of the Website’s content, services and products other than as expressly authorized in these Terms of Service or your use of any information obtained from the Website.

Governing Law and Jurisdiction

<law2>All matters relating to the Website and these Terms of Service and any dispute or claim arising therefrom or related thereto (in each case, including non-contractual disputes or claims), shall be governed by and construed in accordance with the internal laws of the State of Utah without giving effect to any choice or conflict of law provision or rule.</law2>

<j3>Any legal suit, action or proceeding arising out of, or related to, these Terms of Service or the Website shall be instituted exclusively in the federal courts of the United States or the courts of the State of Utah, in each case located in Salt Lake County, Utah, although we retain the right to bring any suit, action or proceeding against you for breach of these Terms of Service in your country of residence or any other relevant country.</j3> <j3>You waive any and all objections to the exercise of jurisdiction over you by such courts and to a venue in such courts.</j3>

Waiver and Severability

No waiver of by the Company of any term or condition set forth in these Terms of Service shall be deemed a further or continuing waiver of such term or condition or a waiver of any other term or condition, and any failure of the Company to assert a right or provision under these Terms of Service shall not constitute a waiver of such right or provision.

If any provision of these Terms of Service is held by a court or other tribunal of competent jurisdiction to be invalid, illegal or unenforceable for any reason, such provision shall be eliminated or limited to the minimum extent such that the remaining provisions of the Terms of Service will continue in full force and effect.
Entire Agreement

The Terms of Service and our Privacy Policy and Terms of Sale constitute the sole and entire agreement between you and You Need A Budget LLC with respect to the Website and supersede all prior and contemporaneous understandings, agreements, representations and warranties, both written and oral, with respect to the Website.
